beta0,beta1,r2,n
54.2302435490859,0.681454854320593,0.277966084744178,249
