beta0,beta1,r2,n
-12.7469501282287,1.12975445409694,0.654108413513504,249
