beta0,beta1,r2,n
7.64640844040656,0.999475034980192,0.452744474170867,249
